12/06/2010,48.33,48.63,48.21,48.39,"1,461,627"
12/07/2010,48.94,49.03,48.10,48.11,"1,051,687"
12/08/2010,48.35,49.19,48.31,49.02,"642,273"
12/09/2010,50.08,50.19,49.50,49.84,"877,018"
12/10/2010,50.18,50.57,49.96,50.48,"820,297"
12/13/2010,51.05,51.39,50.80,51.14,"826,798"
12/14/2010,51.41,51.48,50.75,50.98,"1,337,911"
12/15/2010,50.33,50.65,49.32,49.58,"766,932"
12/16/2010,50.04,50.35,49.65,50.01,"3,334,661"
12/17/2010,49.63,50.04,49.16,50.04,"886,873"
12/20/2010,49.90,49.99,49.16,49.40,"599,601"
12/21/2010,49.55,49.76,49.36,49.65,"620,046"
12/22/2010,49.42,49.57,49.20,49.55,"713,147"
12/23/2010,49.37,49.53,49.23,49.52,"435,625"
12/27/2010,49.22,49.50,49.15,49.47,"434,682"
12/28/2010,49.59,49.61,49.11,49.39,"554,099"
12/29/2010,49.41,49.77,49.21,49.68,"336,548"
12/30/2010,49.49,49.58,49.13,49.34,"327,322"
12/31/2010,49.51,50.05,49.28,49.65,"396,204"
01/03/2011,50.20,50.59,50.12,50.27,"719,647"
01/04/2011,51.78,51.80,51.00,51.18,"1,207,905"
01/05/2011,51.72,52.46,51.70,52.46,"1,303,627"
01/06/2011,52.60,52.72,51.42,51.65,"956,594"
01/07/2011,51.56,51.65,50.25,50.46,"2,401,971"
01/10/2011,50.01,50.12,49.46,49.97,"870,832"
01/11/2011,49.72,50.16,49.63,50.10,"931,012"
01/12/2011,52.05,52.82,51.92,52.81,"1,460,054"
01/13/2011,54.50,54.51,53.96,54.21,"1,626,441"
01/14/2011,54.64,55.31,54.64,55.28,"1,556,091"
01/18/2011,55.63,56.03,55.23,55.52,"3,636,611"
01/19/2011,56.19,56.39,55.34,55.46,"1,821,975"
01/20/2011,55.84,56.26,55.43,56.16,"1,312,644"
01/21/2011,57.28,57.70,56.91,57.69,"2,485,426"
01/24/2011,56.97,57.97,56.96,57.90,"955,965"
01/25/2011,56.73,57.31,56.40,57.26,"907,108"
01/26/2011,56.59,57.06,56.34,56.56,"996,854"
01/27/2011,57.16,57.60,56.91,57.41,"925,770"
01/28/2011,57.59,57.80,56.03,56.18,"978,192"
01/31/2011,56.38,56.78,54.47,55.85,"3,220,067"
02/01/2011,57.31,58.36,57.13,58.31,"1,857,412"
02/02/2011,58.30,58.57,57.79,57.96,"979,450"
02/03/2011,58.93,59.32,58.18,59.04,"1,418,117"
02/04/2011,60.01,60.15,59.33,59.94,"1,175,403"
02/07/2011,60.27,60.72,60.24,60.58,"2,393,688"
02/08/2011,60.80,61.50,60.72,61.21,"1,171,838"
02/09/2011,60.96,61.51,60.85,61.32,"1,344,411"
02/10/2011,59.50,59.89,59.13,59.75,"1,318,305"
02/11/2011,58.99,60.21,58.81,60.10,"1,122,667"
02/14/2011,58.83,59.56,58.78,59.25,"935,940"
02/15/2011,60.22,60.52,59.81,60.20,"702,663"
02/16/2011,61.55,62.74,61.54,62.60,"1,322,289"
02/17/2011,61.91,62.29,61.69,62.14,"1,141,748"
02/18/2011,62.02,62.55,61.74,62.43,"1,207,695"
02/22/2011,60.24,61.30,59.69,59.94,"1,971,377"
02/23/2011,60.71,61.09,59.82,60.11,"1,432,480"
02/24/2011,60.23,60.64,59.57,60.10,"1,051,687"
02/25/2011,60.90,61.22,60.81,61.01,"1,027,154"
02/28/2011,61.59,61.85,60.91,61.21,"701,300"
03/01/2011,61.33,61.39,59.65,59.72,"1,143,006"
03/02/2011,60.69,61.25,60.33,60.60,"1,124,344"
03/03/2011,61.63,61.91,60.67,61.49,"1,123,191"
03/04/2011,60.84,60.86,59.27,59.92,"1,183,371"
03/07/2011,60.07,60.56,58.86,59.13,"752,044"
03/08/2011,58.12,59.32,57.95,59.07,"1,138,288"
03/09/2011,58.51,58.69,57.91,58.21,"1,035,751"
03/10/2011,56.53,57.02,56.27,56.53,"1,218,913"
03/11/2011,56.52,57.08,56.22,56.89,"820,297"
03/14/2011,57.10,57.50,56.62,57.29,"1,268,295"
03/15/2011,53.42,55.31,53.12,55.03,"2,426,819"
03/16/2011,54.46,54.81,52.19,52.76,"1,621,094"
03/17/2011,54.85,54.91,53.96,54.33,"951,037"
03/18/2011,55.51,55.59,54.33,54.47,"980,499"
03/21/2011,55.83,56.06,55.55,55.95,"978,507"
03/22/2011,56.23,56.24,55.25,55.73,"642,797"
03/23/2011,54.54,55.30,54.37,55.10,"663,765"
03/24/2011,56.16,56.45,55.87,56.27,"620,150"
03/25/2011,55.78,56.02,55.42,55.43,"429,859"
03/28/2011,56.03,56.39,55.60,55.68,"351,750"
03/29/2011,55.35,55.80,54.92,55.80,"492,556"
03/30/2011,56.25,56.71,56.07,56.54,"556,615"
03/31/2011,56.14,56.52,55.96,56.34,"510,903"
04/01/2011,57.18,58.12,56.92,57.68,"1,157,160"
04/04/2011,57.91,58.03,56.94,57.08,"967,708"
04/05/2011,56.44,57.07,56.14,56.76,"703,082"
04/06/2011,57.21,57.70,57.10,57.55,"670,580"
04/07/2011,58.46,58.70,57.71,58.12,"766,512"
04/08/2011,58.90,59.13,58.49,58.77,"819,983"
04/11/2011,58.82,59.03,58.42,58.56,"612,707"
04/12/2011,58.44,58.59,57.68,58.19,"478,507"
04/13/2011,59.10,59.16,58.37,58.54,"602,746"
04/14/2011,56.89,57.83,56.57,57.77,"1,096,351"
04/15/2011,56.90,56.96,56.35,56.55,"998,427"
04/18/2011,54.39,54.84,53.72,54.58,"1,178,863"
04/19/2011,54.97,55.21,54.45,54.85,"1,073,495"
04/20/2011,56.05,56.48,55.47,55.63,"1,042,881"
04/21/2011,56.60,57.16,56.29,56.85,"867,058"
04/25/2011,56.86,57.33,56.85,56.96,"433,948"
04/26/2011,57.68,58.16,57.44,58.10,"883,833"
04/27/2011,58.52,59.14,58.11,59.14,"889,284"
04/28/2011,61.22,62.35,61.21,62.26,"2,811,910"
04/29/2011,62.44,62.50,62.13,62.30,"955,965"
05/02/2011,62.74,62.95,62.04,62.13,"746,487"
05/03/2011,62.06,62.16,60.18,61.03,"3,070,245"
05/04/2011,61.93,62.00,60.51,60.82,"1,042,881"
05/05/2011,59.45,59.68,58.76,59.06,"1,608,408"
05/06/2011,59.87,60.14,57.10,57.79,"2,723,631"
05/09/2011,57.67,58.04,57.11,57.91,"1,054,204"
05/10/2011,58.68,59.35,58.53,59.17,"1,345,565"
05/11/2011,58.94,59.00,57.34,57.77,"907,213"
05/12/2011,57.72,58.63,57.32,58.35,"1,016,984"
05/13/2011,57.25,57.45,56.26,56.44,"1,942,021"
05/16/2011,55.95,57.43,55.87,56.28,"1,212,623"
05/17/2011,56.38,57.12,56.05,57.12,"1,169,846"
05/18/2011,57.01,57.57,56.75,57.46,"924,302"
05/19/2011,57.91,58.09,57.28,58.00,"749,947"
05/20/2011,57.12,57.28,55.66,55.73,"1,824,701"
05/23/2011,54.26,54.93,54.00,54.72,"1,067,519"
05/24/2011,54.49,54.74,53.90,54.32,"1,078,213"
05/25/2011,54.45,55.73,54.39,55.28,"858,565"
05/26/2011,55.41,56.11,54.62,55.59,"37,399,874"
05/27/2011,55.71,55.97,55.33,55.61,"938,142"
05/31/2011,57.08,57.13,56.49,56.99,"1,055,672"
06/01/2011,56.65,56.81,55.50,55.58,"1,508,702"
06/02/2011,56.16,56.40,55.15,55.78,"1,531,662"
06/03/2011,55.85,57.23,55.73,56.87,"1,784,441"
06/06/2011,56.21,56.28,54.98,55.07,"1,228,349"
06/07/2011,56.36,56.66,55.79,55.85,"1,059,446"
06/08/2011,55.14,55.47,54.42,54.67,"1,663,032"
06/09/2011,54.43,55.39,54.19,55.18,"1,177,395"
06/10/2011,55.45,55.49,53.86,54.41,"1,575,487"
06/13/2011,54.21,54.65,53.75,54.44,"1,374,921"
06/14/2011,55.35,56.02,55.20,55.30,"1,461,102"
06/15/2011,54.18,54.39,53.00,53.32,"2,008,806"
06/16/2011,53.02,53.80,52.60,53.53,"2,051,687"
06/17/2011,55.12,55.25,54.60,54.95,"1,492,136"
06/20/2011,54.20,55.10,54.15,54.75,"1,086,496"
06/21/2011,56.02,56.95,55.93,56.66,"1,756,343"
06/22/2011,56.50,56.93,55.76,55.85,"1,304,046"
06/23/2011,54.34,55.22,53.65,55.22,"2,271,545"
06/24/2011,54.06,54.19,52.93,53.28,"1,824,806"
06/27/2011,52.41,53.48,52.29,53.43,"1,822,814"
06/28/2011,53.94,54.90,53.84,54.66,"1,266,093"
06/29/2011,55.07,55.52,54.61,55.51,"1,167,750"
06/30/2011,55.72,56.64,55.51,56.50,"947,787"
07/01/2011,57.20,58.40,56.92,58.24,"1,287,901"
07/05/2011,57.27,57.29,56.48,56.67,"1,323,757"
07/06/2011,55.28,55.90,54.78,55.75,"1,090,165"
07/07/2011,56.54,56.56,55.77,55.94,"751,205"
07/08/2011,54.81,55.00,53.98,54.49,"1,446,634"
07/11/2011,52.09,52.33,50.76,51.14,"2,912,350"
07/12/2011,50.49,51.28,50.31,50.47,"2,486,579"
07/13/2011,50.54,51.44,50.08,50.66,"1,774,166"
07/14/2011,51.30,51.57,50.28,50.42,"1,778,360"
07/15/2011,50.43,51.20,49.51,50.08,"3,567,100"
07/18/2011,48.63,48.85,47.79,48.43,"2,764,940"
07/19/2011,49.02,49.82,48.99,49.67,"1,994,862"
07/20/2011,51.10,51.35,50.53,51.01,"2,130,530"
07/21/2011,53.19,54.22,52.89,53.33,"3,374,397"
07/22/2011,53.13,53.16,52.14,52.86,"1,558,502"
07/25/2011,52.40,53.06,52.07,53.03,"1,242,293"
07/26/2011,52.79,53.46,52.45,52.98,"1,545,397"
07/27/2011,52.35,52.38,51.12,51.29,"1,423,568"
07/28/2011,51.91,52.55,51.58,51.67,"1,370,727"
07/29/2011,51.78,53.23,51.54,52.43,"2,195,848"
08/01/2011,52.30,52.39,49.83,50.66,"2,061,752"
08/02/2011,49.62,50.02,48.31,48.31,"2,452,400"
08/03/2011,48.73,49.16,47.08,49.14,"2,665,443"
08/04/2011,46.96,47.19,44.42,44.59,"3,428,915"
08/05/2011,45.71,47.08,43.71,45.81,"5,313,797"
08/08/2011,44.15,44.92,41.01,41.40,"4,286,538"
08/09/2011,42.52,43.67,40.21,43.54,"3,004,193"
08/10/2011,40.96,41.09,37.78,38.50,"4,324,281"
08/11/2011,38.32,41.26,38.17,40.55,"3,578,003"
08/12/2011,41.40,41.82,40.52,40.66,"1,759,907"
08/15/2011,42.43,43.34,42.33,43.15,"2,079,261"
08/16/2011,41.71,42.90,40.89,41.36,"3,257,601"
08/17/2011,41.36,42.11,40.61,40.92,"1,949,360"
08/18/2011,38.98,38.98,37.55,38.06,"2,950,513"
08/19/2011,37.00,38.12,36.55,36.66,"3,483,854"
08/22/2011,37.71,37.76,36.07,36.18,"2,514,153"
08/23/2011,36.55,37.64,36.01,37.36,"2,527,364"
08/24/2011,36.82,37.81,36.69,37.75,"1,923,883"
08/25/2011,38.55,39.08,36.77,37.11,"3,468,022"
08/26/2011,36.23,37.17,35.71,36.41,"2,720,171"
08/29/2011,37.70,38.63,37.28,38.63,"2,344,726"
08/30/2011,37.79,38.18,37.23,37.86,"1,942,650"
08/31/2011,38.77,39.19,38.32,38.60,"2,230,551"
09/01/2011,37.85,38.38,36.75,36.82,"2,919,165"
09/02/2011,35.48,35.69,34.41,34.59,"3,612,916"
09/06/2011,31.17,32.24,31.02,32.03,"5,754,665"
09/07/2011,32.33,33.68,32.21,33.48,"3,674,145"
09/08/2011,33.06,33.71,32.39,32.53,"3,233,487"
09/09/2011,31.00,31.25,29.59,29.70,"8,181,903"
09/12/2011,27.84,28.73,27.25,28.54,"7,641,119"
09/13/2011,29.94,30.95,29.64,30.49,"5,945,271"
09/14/2011,30.39,31.92,29.44,31.32,"6,298,385"
09/15/2011,34.18,34.24,32.48,33.71,"9,040,364"
09/16/2011,34.95,35.02,32.86,33.21,"6,650,660"
09/19/2011,31.48,31.97,30.85,31.69,"3,110,085"
09/20/2011,31.32,31.98,30.85,31.48,"3,357,831"
09/21/2011,31.67,31.80,29.82,29.82,"3,492,765"
09/22/2011,28.88,29.11,27.56,28.22,"6,369,154"
09/23/2011,28.01,30.05,27.88,29.89,"7,338,750"
09/26/2011,32.05,33.63,30.70,33.53,"8,556,615"
09/27/2011,36.07,37.06,35.27,35.53,"9,495,806"
09/28/2011,35.83,36.34,33.96,34.06,"5,361,396"
09/29/2011,36.63,37.29,34.91,36.29,"7,889,914"
09/30/2011,33.55,34.23,32.93,33.01,"5,765,045"
10/03/2011,32.55,33.55,31.22,31.31,"5,252,463"
10/04/2011,30.46,33.24,29.81,32.86,"5,976,514"
10/05/2011,33.14,34.29,32.65,34.27,"5,447,787"
10/06/2011,33.16,35.35,32.34,35.29,"5,179,282"
10/07/2011,35.25,35.35,33.22,33.53,"4,699,203"
10/10/2011,34.83,36.02,34.79,35.97,"3,967,288"
10/11/2011,35.38,36.54,35.29,36.43,"3,047,703"
10/12/2011,38.34,39.15,38.09,38.54,"4,031,662"
10/13/2011,37.31,37.33,35.69,36.73,"5,290,731"
10/14/2011,36.79,37.17,35.86,36.47,"3,413,294"
10/17/2011,35.17,35.21,34.15,34.36,"2,561,228"
10/18/2011,34.54,36.59,33.88,36.16,"5,665,443"
10/19/2011,36.26,36.62,35.18,35.46,"3,738,309"
10/20/2011,34.58,34.95,33.61,34.77,"4,177,395"
10/21/2011,35.91,36.99,35.87,36.93,"2,860,872"
10/24/2011,36.69,37.89,36.69,37.78,"2,849,758"
10/25/2011,38.34,38.37,36.84,37.62,"3,898,511"
10/26/2011,39.11,39.21,36.91,38.26,"3,417,278"
10/27/2011,44.50,45.73,42.90,45.12,"10,676,766"
10/28/2011,44.38,45.48,44.06,44.64,"3,738,309"
10/31/2011,41.57,41.77,39.50,39.50,"4,771,335"
11/01/2011,35.10,37.80,34.97,36.72,"8,112,602"
11/02/2011,37.77,38.26,36.83,37.29,"3,580,415"
11/03/2011,38.81,39.44,37.10,39.14,"5,480,918"
11/04/2011,37.84,38.02,36.49,37.14,"4,402,390"
11/07/2011,37.50,38.06,36.61,37.58,"3,047,284"
11/08/2011,38.22,38.75,37.23,38.68,"3,760,746"
11/09/2011,35.67,35.72,34.30,34.46,"5,437,303"
11/10/2011,36.28,36.28,34.84,35.75,"3,188,509"
11/11/2011,37.20,38.10,37.06,37.93,"3,475,361"
11/14/2011,37.37,37.66,36.39,36.74,"2,827,322"
11/15/2011,36.22,36.94,35.81,36.35,"2,667,645"
11/16/2011,36.13,36.87,35.37,35.40,"3,010,379"
11/17/2011,35.43,35.73,34.03,34.37,"3,379,849"
11/18/2011,35.15,35.19,34.58,34.88,"2,700,880"
11/21/2011,33.54,33.76,32.73,33.10,"3,542,776"
11/22/2011,32.16,32.55,31.75,32.04,"3,556,196"
11/23/2011,32.09,32.10,30.76,30.96,"2,909,939"
11/25/2011,30.80,31.57,30.80,30.85,"1,671,101"
11/28/2011,33.95,34.01,33.10,33.55,"4,011,152"
11/29/2011,34.06,34.44,33.67,33.90,"3,248,301"
11/30/2011,36.53,37.47,36.26,37.47,"5,480,090"
12/01/2011,36.88,37.40,36.56,37.12,"2,480,148"
12/02/2011,38.71,39.20,38.07,38.15,"4,220,268"
12/05/2011,39.36,39.37,37.80,38.27,"3,790,880"
12/06/2011,37.97,38.45,37.70,38.14,"2,146,028"
12/07/2011,36.65,38.72,36.36,38.49,"4,158,494"
12/08/2011,35.50,37.06,35.37,35.50,"3,812,782"
12/09/2011,36.90,37.97,36.80,37.77,"3,335,775"
12/12/2011,35.95,36.15,35.00,35.55,"2,118,077"
12/13/2011,34.88,35.48,33.55,34.03,"3,038,859"
12/14/2011,33.96,34.48,33.66,33.85,"1,962,868"
12/15/2011,35.01,35.08,33.85,34.08,"1,653,241"
12/16/2011,34.41,34.56,33.47,33.72,"2,362,159"
12/19/2011,34.50,34.57,33.33,33.45,"2,711,030"
12/20/2011,35.40,36.14,35.38,36.11,"3,301,678"
12/21/2011,35.98,36.02,35.04,35.70,"2,583,272"
12/22/2011,36.24,36.95,36.15,36.82,"2,203,686"
12/23/2011,36.90,37.29,36.77,37.29,"1,275,595"
12/27/2011,36.98,37.24,36.74,36.88,"844,832"
12/28/2011,36.08,36.19,35.11,35.47,"1,363,407"
12/29/2011,35.25,36.51,35.15,36.45,"1,213,369"
12/30/2011,36.38,36.49,36.11,36.11,"1,100,431"
01/03/2012,37.84,38.33,37.72,37.99,"2,629,268"
01/04/2012,36.77,36.99,36.19,36.85,"2,357,058"
01/05/2012,34.34,34.84,33.91,34.56,"4,925,664"
01/06/2012,33.90,33.90,32.64,32.68,"4,216,828"
01/09/2012,32.41,32.45,31.75,32.09,"4,576,165"
01/10/2012,33.60,33.67,33.14,33.55,"2,903,682"
01/11/2012,33.49,34.25,33.18,34.22,"2,330,149"
01/12/2012,35.21,35.38,34.58,35.29,"2,631,955"
01/13/2012,34.96,35.15,33.72,35.02,"4,216,919"
01/17/2012,35.79,36.28,35.65,35.82,"2,516,215"
01/18/2012,36.12,37.21,36.01,37.20,"2,334,229"
01/19/2012,39.78,40.07,39.25,40.07,"3,729,486"
01/20/2012,40.12,40.57,39.92,40.54,"1,936,967"
01/23/2012,41.41,42.19,41.19,41.44,"2,777,493"
01/24/2012,40.03,40.95,39.59,40.78,"1,680,040"
01/25/2012,40.46,41.69,40.20,41.61,"1,710,594"
01/26/2012,42.47,42.83,41.14,41.39,"2,996,107"
01/27/2012,41.38,42.63,41.37,42.39,"1,816,560"
01/30/2012,39.77,40.87,39.62,40.67,"2,582,681"
01/31/2012,41.25,41.34,40.31,40.72,"1,890,594"
02/01/2012,42.52,43.06,42.01,42.46,"2,468,932"
02/02/2012,42.23,42.66,41.85,42.22,"1,681,648"
02/03/2012,42.20,43.04,42.15,42.91,"2,832,774"
02/06/2012,41.62,42.23,41.56,42.15,"1,534,977"
02/07/2012,42.16,42.99,41.72,42.77,"1,569,844"
02/08/2012,43.56,44.20,43.35,44.12,"2,504,749"
02/09/2012,44.69,44.78,43.67,44.27,"2,247,175"
02/10/2012,42.11,42.41,41.82,42.09,"1,997,065"
02/13/2012,42.95,43.02,42.27,42.48,"1,047,000"
02/14/2012,41.57,41.74,40.77,41.24,"1,522,724"
02/15/2012,41.63,41.71,40.78,40.97,"1,238,046"
02/16/2012,40.64,42.12,40.59,42.07,"1,259,066"
02/17/2012,42.74,42.79,42.15,42.53,"1,121,527"
02/21/2012,42.89,43.04,41.89,42.14,"3,766,605"
02/22/2012,42.16,42.16,41.40,41.69,"2,748,194"
02/23/2012,41.93,42.74,41.53,42.70,"1,670,296"
02/24/2012,44.27,44.90,44.00,44.65,"3,530,929"
02/27/2012,43.43,44.75,43.18,44.54,"2,393,082"
02/28/2012,44.50,45.08,44.14,44.97,"1,422,281"
02/29/2012,45.66,46.04,44.49,44.58,"2,089,401"
03/01/2012,45.52,45.84,45.12,45.70,"2,423,021"
03/02/2012,45.38,45.52,44.86,44.96,"1,420,990"
03/05/2012,44.44,44.50,43.99,44.47,"1,419,719"
03/06/2012,42.34,42.60,41.37,41.57,"2,507,152"
03/07/2012,42.02,42.87,41.76,42.83,"1,566,651"
03/08/2012,44.40,45.21,43.79,44.99,"2,710,644"
03/09/2012,44.30,44.48,43.82,44.06,"1,840,495"
03/12/2012,44.74,44.90,44.44,44.83,"1,792,428"
03/13/2012,45.50,46.79,45.35,46.78,"2,745,153"
03/14/2012,47.41,47.57,46.91,47.46,"2,446,949"
03/15/2012,47.11,48.15,46.84,48.14,"1,558,592"
03/16/2012,48.33,48.92,48.23,48.68,"1,991,836"
03/19/2012,48.64,50.04,48.49,49.65,"1,847,202"
03/20/2012,48.88,49.33,48.63,49.06,"1,109,496"
03/21/2012,48.65,49.00,48.00,48.57,"1,604,404"
03/22/2012,47.25,48.01,47.20,47.87,"1,378,540"
03/23/2012,47.94,48.74,47.45,48.58,"1,368,841"
03/26/2012,49.15,49.78,49.07,49.75,"1,105,577"
03/27/2012,50.05,50.11,48.83,48.83,"1,504,748"
03/28/2012,49.03,49.24,48.06,48.56,"1,637,491"
03/29/2012,47.35,47.72,46.56,47.22,"1,691,021"
03/30/2012,47.52,47.61,46.70,47.49,"1,169,007"
04/02/2012,46.46,47.94,46.31,47.67,"1,447,513"
04/03/2012,47.36,47.42,45.60,46.05,"2,382,239"
04/04/2012,44.67,44.97,43.90,44.22,"3,115,332"
04/05/2012,42.99,44.22,42.98,43.63,"2,284,561"
04/09/2012,42.39,43.21,42.25,42.90,"1,610,444"
04/10/2012,43.05,43.25,41.39,41.49,"2,754,019"
04/11/2012,43.73,43.87,42.82,42.98,"2,623,783"
04/12/2012,43.20,44.39,43.12,44.31,"2,135,628"
04/13/2012,43.77,43.83,42.24,42.25,"2,237,221"
04/16/2012,42.77,42.91,41.81,42.34,"2,181,221"
04/17/2012,43.46,44.42,43.13,44.17,"2,165,279"
04/18/2012,43.15,43.93,43.13,43.35,"1,600,738"
04/19/2012,43.11,43.74,41.90,42.22,"3,933,547"
04/20/2012,43.68,43.82,43.02,43.26,"2,789,293"
04/23/2012,41.19,41.77,40.94,41.67,"2,437,840"
04/24/2012,41.09,42.28,41.01,42.06,"2,153,942"
04/25/2012,43.40,43.68,42.66,43.37,"2,680,849"
04/26/2012,41.30,42.06,41.18,41.87,"3,366,735"
04/27/2012,42.77,42.78,41.77,42.43,"1,495,375"
04/30/2012,41.72,41.82,41.30,41.39,"1,242,502"
05/01/2012,41.55,42.48,41.42,42.14,"1,710,582"
05/02/2012,40.35,40.59,39.81,40.34,"2,981,593"
05/03/2012,39.36,39.74,38.69,38.78,"3,702,947"
05/04/2012,39.23,39.33,38.64,38.91,"2,191,534"
05/07/2012,38.97,39.72,38.73,39.53,"2,248,082"
05/08/2012,38.58,38.83,37.85,38.51,"2,704,933"
05/09/2012,37.10,37.87,36.68,37.58,"2,582,037"
05/10/2012,39.00,39.01,38.26,38.44,"1,864,055"
05/11/2012,37.38,38.62,37.37,37.78,"2,332,105"
05/14/2012,36.59,36.78,36.33,36.39,"1,645,575"
05/15/2012,35.78,36.15,35.17,35.37,"2,468,462"
05/16/2012,35.50,36.03,34.68,34.71,"2,833,793"
05/17/2012,34.48,34.64,34.10,34.18,"2,100,445"
05/18/2012,35.03,35.32,34.20,34.36,"3,051,149"
05/21/2012,34.77,35.53,34.65,35.49,"3,212,924"
05/22/2012,35.48,36.29,35.11,35.40,"3,039,233"
05/23/2012,35.35,35.41,34.30,35.37,"1,841,063"
05/24/2012,35.08,35.21,34.50,34.81,"1,632,333"
05/25/2012,34.81,35.34,34.77,34.99,"1,083,726"
05/29/2012,34.90,35.26,34.54,34.97,"1,430,789"
05/30/2012,34.32,34.39,33.88,34.00,"1,260,370"
05/31/2012,34.36,34.66,33.77,34.32,"1,850,711"
06/01/2012,32.43,32.71,31.79,31.87,"2,767,895"
06/04/2012,33.10,33.11,32.34,32.69,"2,960,337"
06/05/2012,32.28,32.98,32.28,32.70,"2,499,900"
06/06/2012,32.89,34.23,32.85,34.22,"2,860,004"
06/07/2012,35.39,35.40,34.10,34.17,"1,941,831"
06/08/2012,33.60,34.36,33.49,34.33,"1,189,373"
06/11/2012,35.04,35.09,33.25,33.33,"1,869,868"
06/12/2012,33.56,33.80,32.83,33.79,"1,699,442"
06/13/2012,33.29,33.93,33.10,33.42,"1,406,366"
06/14/2012,32.93,33.77,32.79,33.56,"1,892,761"
06/15/2012,33.97,34.99,33.86,34.82,"2,474,083"
06/18/2012,33.90,34.14,33.55,33.69,"2,065,524"
06/19/2012,33.90,34.96,33.80,34.73,"1,770,072"
06/20/2012,34.90,35.53,34.69,35.06,"2,456,033"
06/21/2012,35.49,35.51,33.81,33.87,"1,504,731"
06/22/2012,34.94,35.01,34.08,34.32,"1,670,244"
06/25/2012,32.81,32.98,32.31,32.65,"2,073,269"
06/26/2012,32.90,33.16,32.36,32.93,"2,012,540"
06/27/2012,33.07,33.76,32.97,33.69,"1,270,479"
06/28/2012,32.01,32.36,31.60,32.31,"2,960,975"
06/29/2012,34.22,34.55,34.07,34.50,"2,109,359"
07/02/2012,34.83,35.19,34.47,35.18,"1,254,396"
07/03/2012,35.19,35.71,35.09,35.49,"837,134"
07/05/2012,34.12,34.18,33.55,33.80,"1,314,040"
07/06/2012,32.81,32.96,31.90,32.10,"3,023,790"
07/09/2012,32.10,32.20,31.68,31.90,"1,381,281"
07/10/2012,31.96,32.12,30.95,31.12,"1,938,584"
07/11/2012,31.32,31.70,30.91,31.18,"1,263,170"
07/12/2012,30.25,30.49,29.92,30.38,"1,275,808"
07/13/2012,29.63,30.23,29.63,30.14,"2,339,431"
07/16/2012,29.70,29.88,29.35,29.79,"1,319,859"
07/17/2012,29.64,29.81,28.95,29.81,"1,819,919"
07/18/2012,29.39,30.16,29.38,30.07,"1,476,746"
07/19/2012,30.04,30.27,29.88,30.07,"1,292,117"
07/20/2012,28.77,28.91,28.56,28.66,"1,966,512"
07/23/2012,26.99,27.59,26.82,27.43,"2,843,633"
07/24/2012,27.62,27.80,26.48,26.87,"6,398,345"
07/25/2012,25.78,26.32,25.78,26.08,"3,706,533"
07/26/2012,27.60,27.84,27.34,27.55,"3,818,913"
07/27/2012,28.23,29.62,28.06,29.34,"5,056,593"
07/30/2012,29.02,29.21,28.66,28.88,"2,042,275"
07/31/2012,29.25,29.47,28.94,28.94,"1,894,557"
08/01/2012,29.03,29.08,28.41,28.42,"1,532,228"
08/02/2012,27.13,27.66,26.72,27.04,"2,494,583"
08/03/2012,28.97,29.91,28.94,29.76,"3,268,996"
08/06/2012,29.80,30.24,29.65,29.80,"1,379,776"
08/07/2012,29.96,30.51,29.85,30.16,"1,549,017"
08/08/2012,29.73,30.23,29.66,30.14,"1,076,534"
08/09/2012,29.75,30.26,29.71,30.14,"953,370"
08/10/2012,29.72,29.97,29.50,29.92,"853,801"
08/13/2012,29.85,29.96,29.29,29.58,"2,029,491"
08/14/2012,29.52,29.63,29.26,29.27,"1,495,258"
08/15/2012,29.40,29.56,29.29,29.36,"1,047,058"
08/16/2012,29.98,30.71,29.89,30.53,"2,144,164"
08/17/2012,31.37,31.47,31.06,31.40,"1,813,509"
08/20/2012,30.76,31.22,30.58,31.18,"1,459,765"
08/21/2012,32.27,33.16,32.24,32.50,"3,238,163"
08/22/2012,32.74,33.10,32.57,32.84,"2,150,092"
08/23/2012,32.98,33.19,32.50,32.75,"2,157,720"
08/24/2012,32.17,32.86,31.98,32.48,"1,111,819"
08/27/2012,33.44,33.48,32.93,33.02,"1,727,656"
08/28/2012,32.68,32.89,32.52,32.72,"1,423,631"
08/29/2012,32.82,33.00,32.64,32.74,"829,451"
08/30/2012,32.72,32.73,31.91,32.30,"1,075,502"
08/31/2012,33.55,34.31,33.14,33.80,"2,728,092"
09/04/2012,33.65,33.66,33.05,33.22,"1,595,364"
09/05/2012,33.49,33.60,33.33,33.51,"1,584,080"
09/06/2012,34.28,36.01,34.28,35.87,"3,555,693"
09/07/2012,38.46,38.49,37.89,38.32,"4,799,109"
09/10/2012,39.08,39.09,38.32,38.32,"2,937,432"
09/11/2012,39.85,40.82,39.81,40.65,"4,188,915"
09/12/2012,40.98,41.30,40.24,40.47,"3,347,909"
09/13/2012,39.77,40.96,39.36,40.89,"4,769,082"
09/14/2012,41.88,42.88,41.81,42.22,"3,429,160"
09/17/2012,42.35,42.76,42.11,42.24,"2,332,265"
09/18/2012,40.74,40.92,40.32,40.50,"3,205,078"
09/19/2012,40.58,41.12,40.37,40.74,"1,909,849"
09/20/2012,39.35,40.34,39.21,40.27,"2,001,290"
09/21/2012,41.51,41.52,40.68,40.68,"2,005,188"
09/24/2012,40.17,40.65,40.06,40.49,"1,221,418"
09/25/2012,40.18,40.65,39.52,39.52,"2,144,003"
09/26/2012,37.97,38.09,37.45,37.75,"3,163,291"
09/27/2012,38.09,38.85,37.77,38.63,"1,804,518"
09/28/2012,38.19,38.35,37.63,37.82,"1,851,215"
10/01/2012,38.51,39.00,38.22,38.35,"1,512,651"
10/02/2012,39.75,39.82,38.72,38.95,"1,920,254"
10/03/2012,39.74,39.98,39.21,39.79,"2,650,273"
10/04/2012,40.33,40.50,40.06,40.37,"1,621,597"
10/05/2012,40.96,41.17,40.16,40.28,"1,520,256"
10/08/2012,39.80,39.94,39.59,39.89,"755,250"
10/09/2012,39.37,39.90,38.81,38.95,"1,318,235"
10/10/2012,39.51,39.61,38.98,39.27,"971,403"
10/11/2012,41.00,41.04,40.44,40.67,"1,459,210"
10/12/2012,40.64,40.95,39.96,40.01,"1,344,382"
10/15/2012,40.71,41.06,40.42,41.06,"1,365,144"
10/16/2012,42.53,43.05,42.29,42.94,"2,373,060"
10/17/2012,43.59,44.11,43.34,44.11,"2,302,007"
10/18/2012,44.03,44.74,43.84,44.23,"2,091,819"
10/19/2012,43.28,43.28,42.28,42.43,"2,276,530"
10/22/2012,43.35,43.48,42.92,43.17,"1,290,973"
10/23/2012,41.44,41.89,41.10,41.66,"2,333,423"
10/24/2012,41.68,41.84,41.20,41.31,"1,516,275"
10/25/2012,42.14,42.30,41.00,41.47,"1,407,136"
10/26/2012,41.47,41.95,41.11,41.75,"1,768,053"
10/31/2012,43.80,43.86,43.15,43.60,"1,929,785"
11/01/2012,43.68,44.48,43.65,44.44,"1,550,617"
11/02/2012,43.73,43.85,43.20,43.38,"1,240,594"
11/05/2012,42.91,43.21,42.60,43.14,"1,072,001"
11/06/2012,43.66,44.28,43.61,43.96,"896,250"
11/07/2012,42.43,42.52,41.70,42.05,"2,845,360"
11/08/2012,41.90,42.25,41.27,41.27,"1,389,225"
11/09/2012,39.85,40.89,39.84,40.39,"2,277,595"
11/12/2012,40.50,40.70,40.32,40.61,"1,070,209"
11/13/2012,40.42,41.56,40.27,40.75,"1,228,088"
11/14/2012,40.98,41.10,39.69,39.77,"1,482,939"
11/15/2012,40.79,41.10,40.44,40.65,"1,507,913"
11/16/2012,39.92,40.02,38.91,39.65,"2,213,605"
11/19/2012,40.57,41.35,40.54,41.25,"1,391,237"
11/20/2012,39.91,40.78,39.89,40.62,"1,352,494"
11/21/2012,40.19,40.38,40.06,40.35,"945,318"
11/23/2012,41.39,41.85,41.27,41.84,"832,197"
11/26/2012,41.08,41.33,40.86,41.30,"803,601"
11/27/2012,41.67,41.99,41.37,41.42,"1,591,022"
11/28/2012,40.34,41.21,39.96,41.19,"3,058,445"
11/29/2012,42.00,42.07,41.48,41.84,"1,249,007"
11/30/2012,41.97,42.43,41.81,42.09,"1,284,953"
12/03/2012,42.90,42.99,42.12,42.21,"1,086,397"
12/04/2012,43.10,43.31,42.69,42.93,"2,053,814"
12/05/2012,43.36,44.25,43.28,43.94,"1,840,859"
12/06/2012,43.34,43.52,42.94,43.39,"2,408,141"
12/07/2012,42.65,42.81,42.26,42.75,"1,758,889"
12/10/2012,42.05,42.29,41.97,42.15,"1,195,202"
12/11/2012,42.27,42.65,42.23,42.54,"1,083,150"
12/12/2012,42.52,43.20,42.17,42.52,"1,668,374"
12/13/2012,41.64,42.21,41.20,41.44,"2,443,402"
12/14/2012,40.66,41.19,40.54,40.86,"1,778,717"
12/17/2012,40.59,41.15,40.57,41.12,"1,434,724"
12/18/2012,41.32,42.20,41.12,42.19,"1,260,360"
12/19/2012,43.05,43.05,42.35,42.45,"1,265,880"
12/20/2012,42.38,42.73,42.17,42.72,"1,004,036"
12/21/2012,40.99,41.70,40.93,41.66,"1,649,799"
12/24/2012,41.83,41.83,41.41,41.53,"246,661"
12/26/2012,41.64,41.95,41.26,41.44,"631,397"
12/27/2012,42.70,42.72,41.69,42.32,"1,392,462"
12/28/2012,41.57,41.67,41.28,41.32,"822,772"
12/31/2012,41.24,42.37,41.24,42.24,"1,633,714"
01/02/2013,43.40,43.46,42.83,43.34,"1,457,352"
01/03/2013,42.93,43.38,42.84,43.03,"1,330,166"
01/04/2013,43.15,43.76,43.03,43.71,"702,539"
01/07/2013,44.60,44.81,44.39,44.62,"1,468,940"
01/08/2013,45.47,45.48,44.90,45.22,"1,358,913"
01/09/2013,45.76,45.89,45.22,45.31,"965,484"
01/10/2013,47.40,47.44,46.52,47.22,"2,227,285"
01/11/2013,47.16,47.44,46.78,47.33,"1,106,585"
01/14/2013,47.31,47.38,46.76,47.16,"958,187"
01/15/2013,46.56,46.95,46.43,46.93,"1,032,449"
01/16/2013,46.16,46.76,46.03,46.36,"1,426,610"
01/17/2013,47.03,47.08,46.55,46.60,"1,148,978"
01/18/2013,46.81,46.92,46.36,46.76,"850,382"
01/22/2013,45.63,46.15,45.36,46.10,"1,806,526"
01/23/2013,45.07,45.44,44.83,45.05,"1,512,334"
01/24/2013,45.85,46.44,45.81,46.19,"1,241,919"
01/25/2013,46.95,47.20,46.69,47.20,"1,251,225"
01/28/2013,47.71,47.74,47.21,47.38,"896,630"
01/29/2013,47.00,47.59,46.89,47.50,"919,475"
01/30/2013,47.99,48.23,47.38,48.05,"1,829,081"
01/31/2013,49.15,49.88,48.93,49.27,"3,061,500"
02/01/2013,49.93,50.67,49.38,50.27,"2,297,201"
02/04/2013,49.29,49.48,47.63,47.81,"2,215,896"
02/05/2013,49.18,49.25,48.62,48.77,"1,112,027"
02/06/2013,47.69,48.21,47.61,48.18,"1,395,706"
02/07/2013,47.55,47.72,46.50,46.83,"1,568,003"
02/08/2013,46.69,47.21,46.69,47.13,"1,543,380"
02/11/2013,46.99,46.99,46.26,46.74,"1,103,004"
02/12/2013,46.96,47.75,46.87,47.57,"1,010,536"
02/13/2013,47.38,47.57,46.92,47.10,"682,995"
02/14/2013,45.77,46.50,45.73,46.50,"1,231,665"
02/15/2013,46.48,46.50,45.33,45.66,"1,364,827"
02/19/2013,46.33,46.79,46.27,46.74,"802,375"
02/20/2013,46.60,46.66,45.35,45.39,"995,210"
02/21/2013,44.16,44.19,43.54,43.65,"2,300,522"
02/22/2013,44.54,44.83,43.96,44.83,"1,741,530"
02/25/2013,47.08,47.15,43.15,43.23,"4,503,752"
02/26/2013,43.47,43.87,42.78,43.15,"1,894,197"
02/27/2013,42.70,43.99,42.65,43.86,"1,289,153"
02/28/2013,43.53,44.09,43.46,43.62,"963,563"
03/01/2013,41.22,41.92,40.98,41.68,"2,903,155"
03/04/2013,41.00,41.67,40.76,41.49,"1,494,963"
03/05/2013,42.22,42.67,42.12,42.24,"1,908,284"
03/06/2013,42.71,42.78,41.94,42.22,"1,419,723"
03/07/2013,42.14,42.67,42.12,42.58,"840,633"
03/08/2013,43.19,43.28,42.71,43.05,"1,984,581"
03/11/2013,41.96,42.61,41.89,42.57,"2,330,229"
03/12/2013,42.94,43.23,42.17,42.44,"1,209,256"
03/13/2013,41.64,41.88,41.40,41.78,"1,107,740"
03/14/2013,42.47,42.59,42.10,42.56,"874,836"
03/15/2013,42.73,42.74,42.29,42.57,"1,268,239"
03/18/2013,40.81,41.62,40.78,41.03,"2,084,742"
03/19/2013,40.57,40.69,39.08,39.75,"3,845,587"
03/20/2013,40.37,40.45,39.70,39.96,"1,114,872"
03/21/2013,40.07,40.71,39.79,40.06,"1,381,953"
03/22/2013,40.50,40.54,39.97,40.16,"1,198,148"
03/25/2013,39.99,40.04,38.15,38.50,"3,264,319"
03/26/2013,38.47,38.97,38.24,38.40,"1,782,137"
03/27/2013,36.91,37.40,36.65,37.27,"2,999,881"
03/28/2013,37.64,37.83,37.11,37.31,"1,568,110"
04/01/2013,37.31,37.43,36.66,36.93,"1,582,512"
04/02/2013,37.84,38.55,37.66,38.13,"2,215,942"
04/03/2013,38.27,38.35,37.27,37.43,"2,154,184"
04/04/2013,37.43,37.86,37.17,37.63,"1,466,851"
04/05/2013,37.32,37.89,37.01,37.82,"1,751,030"
04/08/2013,37.57,37.93,37.30,37.93,"1,181,027"
04/09/2013,38.70,39.11,38.45,38.99,"2,158,342"
04/10/2013,39.98,40.66,39.88,40.28,"1,808,763"
04/11/2013,40.43,40.93,40.09,40.30,"1,352,080"
04/12/2013,39.31,39.46,38.91,39.43,"1,167,348"
04/15/2013,39.14,39.14,38.15,38.21,"1,300,396"
04/16/2013,39.55,39.60,38.95,39.31,"1,403,405"
04/17/2013,38.27,38.46,37.29,37.68,"2,941,857"
04/18/2013,37.65,37.69,36.42,36.71,"2,766,984"
04/19/2013,37.46,37.69,37.16,37.44,"1,703,388"
04/22/2013,37.90,38.16,37.21,38.00,"1,362,508"
04/23/2013,39.14,39.46,39.05,39.28,"2,605,618"
04/24/2013,39.93,40.57,39.66,40.27,"1,735,287"
04/25/2013,40.46,40.90,40.33,40.48,"1,719,041"
04/26/2013,39.81,40.41,39.74,40.32,"1,030,527"
04/29/2013,40.94,42.44,39.41,41.82,"11,208,314"
04/30/2013,44.08,44.32,43.47,43.92,"5,874,252"
05/01/2013,43.49,44.24,43.49,43.73,"2,546,313"
05/02/2013,44.03,44.70,43.93,44.68,"2,715,705"
05/03/2013,45.48,45.94,45.36,45.65,"2,297,504"
05/06/2013,45.94,45.98,45.44,45.83,"1,361,597"
05/07/2013,46.67,46.87,45.91,46.54,"2,376,454"
05/08/2013,46.14,46.56,45.93,46.56,"1,921,490"
05/09/2013,46.30,46.34,45.53,45.77,"1,876,695"
05/10/2013,45.04,45.31,44.55,45.31,"1,831,494"
05/13/2013,44.47,44.95,44.30,44.81,"1,499,268"
05/14/2013,44.44,44.91,44.34,44.83,"1,989,392"
05/15/2013,44.74,45.36,44.69,45.22,"1,841,909"
05/16/2013,44.89,45.13,44.39,44.50,"1,748,110"
05/17/2013,45.23,46.32,45.17,46.21,"2,855,742"
05/20/2013,45.47,46.31,45.43,45.83,"1,528,769"
05/21/2013,45.06,45.32,44.72,45.25,"1,471,769"
05/22/2013,45.33,45.96,44.42,44.74,"1,759,316"
05/23/2013,43.92,44.76,43.74,44.54,"1,520,752"
05/24/2013,43.10,43.41,42.94,43.40,"1,369,680"
05/28/2013,44.82,44.88,43.88,44.10,"1,871,085"
05/29/2013,44.08,44.46,43.88,44.04,"1,773,002"
05/30/2013,44.77,45.43,44.68,45.01,"1,591,664"
05/31/2013,44.60,44.87,44.17,44.18,"1,168,460"
06/03/2013,44.85,45.02,44.52,44.92,"1,695,214"
06/04/2013,45.72,45.98,44.96,45.30,"1,414,230"
06/05/2013,45.12,45.23,44.33,44.53,"1,230,121"
06/06/2013,44.51,44.83,43.74,44.63,"1,387,831"
06/07/2013,44.91,45.93,44.58,45.53,"1,109,918"
06/10/2013,46.22,46.23,45.42,45.69,"1,033,768"
06/11/2013,44.83,45.04,44.44,44.70,"999,172"
06/12/2013,44.04,44.22,43.40,43.54,"1,464,119"
06/13/2013,43.70,44.54,43.47,44.52,"1,067,631"
06/14/2013,44.05,44.53,43.50,43.63,"1,623,637"
06/17/2013,44.09,44.28,43.37,43.65,"1,504,246"
06/18/2013,44.20,44.62,44.03,44.22,"1,351,495"
06/19/2013,43.95,44.17,42.88,43.03,"1,291,361"
06/20/2013,42.05,42.24,41.26,41.55,"1,621,672"
06/21/2013,41.80,42.06,41.11,41.80,"2,323,151"
06/24/2013,40.73,41.43,40.52,40.94,"2,078,402"
06/25/2013,41.33,41.57,40.66,41.39,"1,072,265"
06/26/2013,42.02,42.15,41.67,41.76,"1,228,020"
06/27/2013,41.49,41.68,41.01,41.28,"1,304,618"
06/28/2013,39.96,40.20,39.77,40.01,"1,737,403"
07/01/2013,40.36,40.65,40.01,40.04,"792,739"
07/02/2013,39.32,39.81,38.97,39.23,"1,132,745"
07/03/2013,38.08,39.17,38.05,39.15,"1,052,603"
07/05/2013,39.44,39.58,38.85,39.22,"1,136,285"
07/08/2013,39.83,40.01,39.37,39.45,"996,791"
07/09/2013,39.93,39.99,38.96,39.73,"1,098,072"
07/10/2013,40.68,41.05,40.25,40.79,"1,508,949"
07/11/2013,41.75,41.89,41.34,41.75,"1,358,810"
07/12/2013,41.65,41.82,41.32,41.82,"737,712"
07/15/2013,42.10,42.32,41.90,42.28,"773,110"
07/16/2013,42.20,42.25,41.86,42.03,"709,182"
07/17/2013,42.38,42.44,41.97,42.18,"500,436"
07/18/2013,42.71,43.44,42.71,43.21,"1,174,843"
07/19/2013,43.83,44.03,43.68,44.00,"1,002,794"
07/22/2013,44.80,45.13,44.65,44.88,"1,864,720"
07/23/2013,45.11,45.13,44.55,44.91,"783,345"
07/24/2013,45.41,45.52,45.12,45.39,"1,079,571"
07/25/2013,45.26,45.96,45.18,45.96,"1,039,584"
07/26/2013,45.48,45.88,45.31,45.84,"807,441"
07/29/2013,45.52,45.61,45.12,45.52,"809,241"
07/30/2013,43.87,43.99,43.02,43.28,"2,750,342"
07/31/2013,42.65,43.35,42.58,42.91,"1,286,917"
08/01/2013,43.47,44.04,43.44,43.89,"1,011,976"
08/02/2013,43.48,43.75,43.46,43.71,"524,212"
08/05/2013,43.07,43.31,42.98,43.21,"463,269"
08/06/2013,43.05,43.07,42.28,42.47,"631,691"
08/07/2013,42.49,42.74,42.30,42.66,"501,311"
08/08/2013,43.19,43.67,43.08,43.43,"717,189"
08/09/2013,43.59,43.87,43.39,43.74,"803,146"
08/12/2013,43.13,43.57,43.11,43.54,"801,279"
08/13/2013,43.20,43.47,42.85,43.35,"483,005"
08/14/2013,42.60,43.07,42.60,42.94,"736,881"
08/15/2013,42.49,42.97,42.09,42.94,"1,113,167"
08/16/2013,43.13,43.61,43.07,43.32,"680,158"
08/19/2013,43.19,43.23,42.57,42.57,"950,138"
08/20/2013,42.28,42.75,42.09,42.55,"925,777"
08/21/2013,41.78,42.29,41.50,41.77,"1,851,773"
08/22/2013,42.76,43.08,42.63,42.80,"1,159,054"
08/23/2013,43.32,43.60,43.15,43.41,"762,288"
08/26/2013,43.24,43.34,42.93,42.93,"895,160"
08/27/2013,41.54,41.95,41.25,41.32,"1,949,553"
08/28/2013,41.04,41.73,40.94,41.42,"919,068"
08/29/2013,40.77,41.21,40.71,41.02,"1,071,170"
08/30/2013,41.63,41.78,41.25,41.41,"867,649"
09/03/2013,42.23,42.29,41.62,41.93,"1,095,656"
09/04/2013,41.90,42.41,41.81,42.25,"926,132"
09/05/2013,42.03,42.36,41.98,42.24,"923,632"
09/06/2013,42.54,42.65,41.96,42.43,"792,644"
09/09/2013,42.98,43.34,42.79,43.21,"889,922"
09/10/2013,43.95,44.27,43.81,44.26,"1,573,043"
09/11/2013,44.43,44.76,44.43,44.75,"887,944"
09/12/2013,44.56,44.68,44.18,44.36,"743,013"
09/13/2013,44.03,44.41,43.80,44.28,"622,191"
09/16/2013,45.04,45.50,44.70,45.35,"1,904,972"
09/17/2013,45.25,45.38,45.11,45.38,"804,062"
09/18/2013,45.44,46.84,45.04,46.83,"1,914,569"
09/19/2013,46.80,46.87,46.36,46.59,"1,308,769"
09/20/2013,46.39,46.41,45.30,45.49,"1,731,739"
09/23/2013,45.39,45.49,45.15,45.44,"1,003,394"
09/24/2013,45.78,45.87,45.46,45.50,"900,801"
09/25/2013,44.73,44.84,44.13,44.42,"1,552,403"
09/26/2013,44.02,44.41,43.96,44.16,"794,878"
09/27/2013,44.28,44.32,43.92,44.07,"1,078,469"
09/30/2013,43.54,44.05,43.47,43.76,"690,282"
10/01/2013,44.20,44.72,44.08,44.70,"669,699"
10/02/2013,44.83,44.95,44.30,44.95,"505,144"
10/03/2013,44.86,44.91,44.46,44.71,"469,482"
10/04/2013,44.84,45.14,44.75,44.99,"316,425"
10/07/2013,44.05,44.29,43.98,44.15,"684,724"
10/08/2013,44.09,44.17,43.59,43.61,"429,728"
10/09/2013,44.08,44.15,43.59,43.90,"595,496"
10/10/2013,44.95,45.68,44.93,45.64,"1,783,916"
10/11/2013,45.97,46.17,45.78,46.12,"1,609,018"
10/14/2013,46.34,46.55,46.04,46.47,"647,003"
10/15/2013,46.61,46.71,46.28,46.33,"704,447"
10/16/2013,46.96,47.44,46.88,47.32,"932,828"
10/17/2013,47.35,47.99,47.32,47.96,"1,017,167"
10/18/2013,48.41,48.59,48.25,48.47,"803,996"
10/21/2013,47.58,47.87,47.55,47.80,"1,140,559"
10/22/2013,48.12,48.62,48.00,48.08,"741,873"
10/23/2013,47.03,47.30,46.77,47.23,"793,159"
10/24/2013,47.66,47.68,47.38,47.59,"653,491"
10/25/2013,47.40,47.54,47.23,47.51,"280,345"
10/28/2013,47.14,47.25,46.93,47.25,"631,925"
10/29/2013,46.88,47.99,46.78,47.30,"1,342,411"
10/30/2013,46.81,46.99,46.26,46.51,"907,239"
10/31/2013,46.62,46.70,46.08,46.09,"641,053"
11/01/2013,45.83,45.90,45.47,45.72,"975,321"
11/04/2013,45.38,45.45,45.03,45.30,"1,016,477"
11/05/2013,44.06,44.45,43.94,44.36,"1,121,290"
11/06/2013,45.01,45.11,44.55,44.69,"561,786"
11/07/2013,44.97,45.18,44.09,44.15,"860,248"
11/08/2013,44.14,44.47,43.98,44.43,"699,174"
11/11/2013,44.55,44.58,44.37,44.41,"719,115"
11/12/2013,43.91,44.28,43.79,43.98,"750,083"
11/13/2013,43.23,44.17,43.16,44.17,"750,408"
11/14/2013,43.45,43.82,43.31,43.71,"941,644"
11/15/2013,43.66,43.72,43.47,43.68,"759,123"
11/18/2013,44.17,44.25,43.62,43.72,"1,128,083"
11/19/2013,43.74,43.87,43.45,43.58,"987,071"
11/20/2013,43.57,43.68,42.92,43.08,"939,337"
11/21/2013,43.35,43.50,43.15,43.40,"642,746"
11/22/2013,43.64,44.22,43.60,44.13,"717,439"
11/25/2013,44.70,44.77,44.49,44.52,"724,951"
11/26/2013,44.74,44.92,44.59,44.64,"790,461"
11/27/2013,45.00,45.20,44.66,44.76,"630,773"
11/29/2013,46.14,46.33,45.72,45.74,"1,073,936"
12/02/2013,45.80,45.89,45.38,45.45,"762,709"
12/03/2013,45.22,45.32,44.65,44.83,"849,615"
12/04/2013,43.94,44.65,43.89,44.52,"702,477"
12/05/2013,44.42,44.46,43.81,43.95,"697,513"
12/06/2013,44.38,44.60,44.22,44.55,"622,452"
12/09/2013,44.66,44.76,44.53,44.59,"386,135"
12/10/2013,44.36,44.49,44.11,44.27,"526,590"
12/11/2013,44.32,44.36,43.74,43.82,"547,271"
12/12/2013,43.53,43.64,43.30,43.39,"649,259"
12/13/2013,43.65,43.67,43.26,43.43,"347,637"
12/16/2013,44.37,44.48,44.09,44.15,"619,387"
12/17/2013,43.70,43.78,43.49,43.57,"380,084"
12/18/2013,43.56,44.14,43.02,44.06,"1,092,579"
12/19/2013,43.73,43.90,43.40,43.83,"668,112"
12/20/2013,44.18,44.51,44.18,44.43,"598,256"
12/23/2013,44.74,45.14,44.74,45.08,"783,111"
12/24/2013,45.11,45.23,44.95,45.20,"197,039"
12/26/2013,45.31,45.64,45.31,45.50,"433,501"
12/27/2013,45.52,45.65,45.40,45.47,"629,118"
12/30/2013,45.76,46.07,45.62,46.06,"948,553"
12/31/2013,45.97,46.22,45.80,46.01,"560,271"
01/02/2014,44.69,44.72,44.28,44.50,"1,222,907"
01/03/2014,44.74,44.86,44.52,44.63,"551,575"
01/06/2014,45.04,45.20,44.85,44.94,"499,245"
01/07/2014,46.14,46.36,45.92,45.97,"1,318,710"
01/08/2014,46.88,47.19,46.69,47.10,"1,315,234"
01/09/2014,47.04,47.12,46.59,47.02,"833,555"
01/10/2014,47.79,48.19,47.69,48.14,"1,587,448"
01/13/2014,49.62,50.23,49.48,49.56,"2,590,067"
01/14/2014,50.27,50.85,49.95,50.74,"1,835,282"
01/15/2014,51.47,51.97,51.39,51.88,"2,063,921"
01/16/2014,51.63,51.65,51.26,51.42,"1,407,089"
01/17/2014,51.16,51.20,48.78,49.86,"4,146,522"
01/21/2014,48.88,48.97,48.36,48.72,"2,045,624"
01/22/2014,48.64,48.66,48.20,48.35,"1,049,925"
01/23/2014,49.11,49.15,48.57,48.79,"1,475,966"
01/24/2014,48.27,48.38,47.45,47.45,"1,523,587"
01/27/2014,48.18,48.30,47.24,47.63,"877,101"
01/28/2014,48.04,48.34,47.91,48.24,"776,003"
01/29/2014,47.35,47.83,47.12,47.24,"1,111,371"
01/30/2014,47.95,48.01,47.51,47.85,"1,400,466"
01/31/2014,45.83,46.44,45.73,45.95,"2,208,891"
02/03/2014,45.75,45.85,44.70,44.76,"2,182,196"
02/04/2014,45.07,45.22,44.79,44.97,"2,178,678"
02/05/2014,45.54,45.64,45.10,45.33,"1,396,792"
02/06/2014,45.83,46.58,45.83,46.35,"1,295,268"
02/07/2014,46.19,46.41,45.91,46.34,"857,370"
02/10/2014,45.73,45.89,45.57,45.79,"729,384"
02/11/2014,45.90,46.48,45.87,46.34,"479,334"
02/12/2014,46.81,46.90,46.37,46.66,"716,427"
02/13/2014,46.05,46.74,46.05,46.74,"528,957"
02/14/2014,46.85,46.86,46.51,46.66,"501,918"
02/18/2014,47.11,47.24,46.86,47.11,"1,336,373"
02/19/2014,46.62,46.95,46.11,46.12,"1,137,598"
02/20/2014,45.76,46.16,45.65,46.10,"765,890"
02/21/2014,46.01,46.26,45.87,45.89,"1,599,198"
02/24/2014,46.23,46.88,46.20,46.62,"1,696,527"
02/25/2014,46.53,46.72,46.19,46.20,"1,061,300"
02/26/2014,45.89,45.98,45.52,45.63,"1,288,725"
02/27/2014,45.52,45.93,45.45,45.73,"1,020,531"
02/28/2014,45.99,46.57,45.90,46.11,"1,149,666"
03/03/2014,45.10,45.35,44.56,44.70,"1,651,251"
03/04/2014,45.70,45.75,45.31,45.45,"1,162,122"
03/05/2014,45.29,45.42,45.10,45.29,"1,299,880"
03/06/2014,45.97,46.27,45.86,46.10,"1,294,849"
03/07/2014,45.55,45.59,44.77,45.01,"2,018,543"
03/10/2014,44.09,44.40,43.80,44.36,"1,810,813"
03/11/2014,43.87,44.29,43.68,43.74,"1,749,710"
03/12/2014,43.16,43.44,42.92,43.23,"1,713,540"
03/13/2014,43.07,43.17,41.25,41.47,"3,382,208"
03/14/2014,40.97,41.55,40.80,41.30,"2,678,748"
03/17/2014,41.46,42.04,41.45,41.71,"1,536,561"
03/18/2014,42.18,42.76,42.11,42.53,"1,669,929"
03/19/2014,43.51,43.53,42.49,42.64,"2,667,351"
03/20/2014,42.29,42.90,42.22,42.74,"1,060,815"
03/21/2014,42.68,43.02,42.12,42.22,"1,228,243"
03/24/2014,42.03,42.09,41.39,41.88,"1,351,164"
03/25/2014,42.37,42.41,41.88,42.32,"1,306,405"
03/26/2014,42.63,42.64,42.07,42.07,"883,391"
03/27/2014,41.75,41.86,41.57,41.83,"1,211,262"
03/28/2014,42.33,42.54,42.19,42.27,"1,350,440"
03/31/2014,43.10,43.20,42.67,42.76,"980,693"
04/01/2014,43.87,43.91,43.46,43.75,"1,769,932"
04/02/2014,43.83,43.96,43.65,43.90,"1,405,421"
04/03/2014,43.23,43.44,42.84,42.94,"1,555,506"
04/04/2014,43.32,43.49,42.92,42.96,"1,013,784"
04/07/2014,42.53,42.66,42.22,42.31,"1,018,263"
04/08/2014,42.08,42.56,42.03,42.36,"1,209,428"
04/09/2014,42.80,43.15,42.48,43.12,"696,872"
04/10/2014,42.84,42.85,41.93,41.93,"1,186,681"
04/11/2014,41.33,41.74,41.21,41.31,"2,140,993"
04/14/2014,41.51,41.86,41.31,41.73,"1,235,499"
04/15/2014,41.40,41.59,40.68,41.26,"1,430,524"
04/16/2014,41.38,41.53,41.14,41.47,"898,565"
04/17/2014,42.25,42.49,41.98,42.24,"1,305,402"
04/21/2014,42.26,42.37,42.04,42.10,"457,452"
04/22/2014,42.42,42.64,42.32,42.42,"678,256"
04/23/2014,42.48,42.53,42.15,42.23,"871,262"
04/24/2014,41.70,42.23,41.28,41.95,"1,067,218"
04/25/2014,41.34,41.38,40.66,41.20,"2,270,299"
04/28/2014,41.40,41.67,40.92,41.56,"1,341,684"
04/29/2014,42.53,42.80,42.25,42.40,"1,477,263"
04/30/2014,41.90,42.17,41.78,42.00,"843,286"
05/01/2014,42.06,42.24,41.89,42.16,"738,372"
05/02/2014,41.55,41.97,41.55,41.78,"1,041,850"
05/05/2014,40.87,41.42,40.76,41.39,"876,415"
05/06/2014,40.64,40.79,40.34,40.45,"1,572,152"
05/07/2014,40.40,40.67,40.21,40.62,"950,512"
05/08/2014,40.91,41.31,40.77,40.89,"918,122"
05/09/2014,40.69,40.69,40.36,40.51,"1,337,386"
05/12/2014,40.76,41.09,40.69,40.94,"889,918"
05/13/2014,41.00,41.11,40.87,41.01,"578,537"
05/14/2014,40.95,41.06,40.54,40.58,"934,664"
05/15/2014,40.34,40.36,39.90,40.13,"2,073,526"
05/16/2014,40.12,40.25,40.00,40.22,"1,800,864"
05/19/2014,39.22,39.77,39.13,39.74,"4,209,626"
05/20/2014,39.44,39.67,39.25,39.50,"2,204,072"
05/21/2014,39.60,39.74,39.24,39.48,"1,265,874"
05/22/2014,39.45,39.63,39.35,39.63,"1,430,205"
05/23/2014,38.93,39.17,38.87,38.87,"1,494,797"
05/27/2014,39.56,39.73,39.22,39.40,"1,823,266"
05/28/2014,39.19,39.34,39.12,39.25,"774,313"
05/29/2014,39.15,39.18,38.96,39.13,"766,187"
05/30/2014,38.50,38.74,38.44,38.66,"1,164,954"
06/02/2014,38.63,38.64,38.31,38.55,"951,942"
06/03/2014,38.17,38.54,38.12,38.47,"901,377"
06/04/2014,38.55,38.72,38.50,38.66,"1,027,588"
06/05/2014,38.21,38.31,37.14,37.62,"4,692,050"
06/06/2014,38.49,38.78,38.24,38.74,"2,993,628"
06/09/2014,38.37,38.70,38.25,38.56,"1,440,179"
06/10/2014,38.25,38.30,38.12,38.20,"1,550,963"
06/11/2014,37.89,38.19,37.79,37.98,"1,349,812"
06/12/2014,37.93,37.95,37.62,37.73,"1,324,382"
06/13/2014,37.49,37.76,37.38,37.59,"1,287,623"
06/16/2014,37.18,37.39,37.16,37.29,"1,328,925"
06/17/2014,36.81,37.06,36.77,36.97,"2,563,606"
06/18/2014,37.02,37.57,36.95,37.52,"3,622,685"
06/19/2014,38.31,38.42,37.78,37.98,"3,580,240"
06/20/2014,36.77,36.92,36.68,36.86,"4,072,711"
06/23/2014,36.72,36.81,36.56,36.74,"1,520,733"
06/24/2014,36.82,36.83,36.17,36.34,"2,080,899"
06/25/2014,35.92,36.56,35.90,36.48,"3,134,015"
06/26/2014,35.36,35.59,34.82,35.51,"3,506,721"
06/27/2014,35.44,35.56,35.33,35.55,"1,835,342"
06/30/2014,35.03,35.28,35.01,35.18,"1,505,130"
07/01/2014,35.27,35.37,35.11,35.27,"1,292,495"
07/02/2014,35.15,35.36,35.10,35.24,"1,001,929"
07/03/2014,35.79,36.16,35.74,36.04,"1,622,131"
07/07/2014,35.64,35.65,35.38,35.46,"1,230,410"
07/08/2014,34.94,34.98,34.64,34.83,"1,982,351"
07/09/2014,35.27,35.60,35.23,35.59,"1,375,038"
07/10/2014,34.27,34.92,34.25,34.69,"2,534,992"
07/11/2014,34.44,34.71,34.32,34.68,"1,201,053"
07/14/2014,35.49,35.67,35.30,35.46,"1,300,086"
07/15/2014,36.20,36.49,35.94,36.11,"2,448,072"
07/16/2014,36.68,36.69,36.41,36.56,"1,956,582"
07/17/2014,36.18,36.42,35.65,35.73,"2,051,482"
07/18/2014,35.99,36.22,35.93,36.16,"1,006,688"
07/21/2014,35.63,35.87,35.52,35.85,"975,373"
07/22/2014,35.95,36.00,34.71,34.80,"4,309,126"
07/23/2014,35.69,35.76,35.47,35.65,"2,239,552"
07/24/2014,36.09,36.35,35.98,36.31,"1,801,475"
07/25/2014,36.06,36.21,35.72,35.87,"1,023,084"
07/28/2014,35.82,35.94,35.46,35.87,"1,606,161"
07/29/2014,35.85,35.91,35.57,35.69,"3,100,397"
07/30/2014,35.36,35.57,35.06,35.37,"1,426,908"
07/31/2014,34.43,34.55,34.16,34.16,"3,331,726"
08/01/2014,34.08,34.33,33.69,33.94,"2,111,149"
08/04/2014,33.75,33.86,33.45,33.79,"2,557,484"
08/05/2014,32.97,33.15,32.68,32.82,"2,775,883"
08/06/2014,32.60,32.99,32.58,32.82,"1,705,679"
08/07/2014,33.38,33.47,32.53,32.60,"2,341,248"
08/08/2014,32.91,33.32,32.78,33.30,"1,635,571"
08/11/2014,32.78,32.96,32.71,32.88,"1,523,497"
08/12/2014,32.90,33.03,32.62,32.79,"1,200,978"
08/13/2014,33.14,33.35,33.05,33.16,"1,445,208"
08/14/2014,33.05,33.17,32.83,33.15,"1,629,930"
08/15/2014,33.45,33.51,32.52,32.93,"3,582,034"
08/18/2014,32.95,33.09,32.91,33.01,"1,147,956"
08/19/2014,33.20,33.23,33.01,33.10,"1,053,827"
08/20/2014,32.89,33.08,32.83,33.04,"858,723"
08/21/2014,33.14,33.47,33.12,33.36,"1,878,917"
08/22/2014,33.49,33.65,33.16,33.29,"2,042,216"
08/25/2014,33.68,34.05,33.64,33.89,"3,653,676"
08/26/2014,34.46,34.70,34.42,34.55,"1,841,699"
08/27/2014,35.28,35.30,34.91,35.08,"2,529,431"
08/28/2014,34.38,34.45,34.21,34.40,"1,410,082"
08/29/2014,34.15,34.33,33.99,34.31,"1,082,190"
09/02/2014,34.31,34.31,34.06,34.20,"989,722"
09/03/2014,35.26,35.28,34.90,34.98,"1,695,188"
09/04/2014,34.90,35.34,34.73,34.87,"1,687,046"
09/05/2014,35.15,35.22,34.99,35.16,"1,405,880"
09/08/2014,35.06,35.19,34.81,34.92,"935,704"
09/09/2014,34.90,34.91,34.57,34.71,"1,020,761"
09/10/2014,35.04,35.34,34.93,35.29,"1,978,217"
09/11/2014,35.01,35.30,34.98,35.25,"1,186,045"
09/12/2014,35.15,35.16,34.90,35.03,"1,582,524"
09/15/2014,34.84,35.00,34.65,34.92,"867,783"
09/16/2014,34.67,35.04,34.65,34.96,"1,252,126"
09/17/2014,35.12,35.41,34.98,35.06,"1,500,384"
09/18/2014,35.58,35.89,35.58,35.78,"1,594,314"
09/19/2014,36.08,36.28,35.96,36.01,"2,720,560"
09/22/2014,36.29,36.29,35.78,35.89,"1,645,441"
09/23/2014,35.59,35.76,35.26,35.28,"1,172,091"
09/24/2014,35.22,35.78,35.14,35.76,"1,155,409"
09/25/2014,35.42,35.43,34.93,35.04,"1,857,235"
09/26/2014,35.13,35.48,34.92,35.37,"1,167,626"
09/29/2014,34.76,34.96,34.65,34.89,"1,138,067"
09/30/2014,34.78,35.18,34.57,34.86,"1,134,368"
10/01/2014,35.18,35.20,34.69,34.82,"1,604,367"
10/02/2014,34.41,34.52,33.52,34.29,"3,503,155"
10/03/2014,34.21,34.36,34.07,34.26,"1,442,134"
10/06/2014,34.34,34.53,34.05,34.30,"1,570,945"
10/07/2014,33.60,33.71,33.35,33.36,"2,174,514"
10/08/2014,33.53,33.96,33.07,33.92,"2,143,246"
10/09/2014,33.16,33.25,32.43,32.56,"2,812,091"
10/10/2014,32.34,32.37,31.74,31.75,"2,697,394"
10/13/2014,32.03,32.15,31.51,31.51,"1,947,552"
10/14/2014,31.80,31.90,31.38,31.50,"2,295,731"
10/15/2014,31.12,31.19,30.07,30.91,"4,370,140"
10/16/2014,29.27,30.26,29.24,29.86,"3,832,819"
10/17/2014,30.60,30.77,30.41,30.60,"1,991,495"
10/20/2014,30.68,32.62,30.65,31.09,"2,449,054"
10/21/2014,31.51,31.82,31.42,31.78,"1,487,810"
10/22/2014,31.46,31.53,31.10,31.13,"1,478,573"
10/23/2014,31.53,32.00,31.44,31.75,"2,055,911"
10/24/2014,31.92,31.96,31.59,31.94,"1,142,883"
10/27/2014,31.26,31.83,31.12,31.47,"1,521,903"
10/28/2014,31.98,32.51,31.90,32.48,"2,153,930"
10/29/2014,31.73,31.79,31.00,31.20,"3,389,098"
10/30/2014,30.41,30.92,30.28,30.77,"2,263,664"
10/31/2014,30.89,31.33,30.70,31.32,"1,825,727"
11/03/2014,31.22,31.28,30.88,30.93,"1,308,424"
11/04/2014,30.79,30.83,30.43,30.83,"1,470,551"
11/05/2014,30.97,31.00,30.64,30.92,"906,456"
11/06/2014,30.95,31.00,30.29,30.62,"1,300,567"
11/07/2014,30.04,30.24,29.83,30.24,"1,599,772"
11/10/2014,29.97,30.05,29.78,30.00,"1,598,918"
11/11/2014,30.02,30.20,29.81,30.15,"752,857"
11/12/2014,29.52,29.60,29.40,29.60,"1,927,516"
11/13/2014,29.50,29.88,29.45,29.73,"1,236,657"
11/14/2014,29.62,29.97,29.59,29.89,"1,606,043"
11/17/2014,29.85,30.23,29.79,30.09,"1,942,000"
11/18/2014,30.44,30.70,30.41,30.60,"1,973,650"
11/19/2014,30.86,30.90,30.58,30.72,"1,615,431"
11/20/2014,29.97,30.34,29.96,30.31,"1,693,022"
11/21/2014,30.91,31.05,30.79,30.93,"2,383,806"
11/24/2014,31.82,31.91,31.62,31.80,"2,360,489"
11/25/2014,32.38,32.60,32.24,32.50,"2,782,965"
11/26/2014,32.95,32.99,32.79,32.88,"2,160,416"
11/28/2014,32.78,32.81,32.59,32.65,"1,230,109"
12/01/2014,32.20,32.36,32.07,32.24,"1,704,191"
12/02/2014,32.59,32.65,32.35,32.58,"1,636,436"
12/03/2014,32.77,32.91,32.55,32.72,"1,624,345"
12/04/2014,32.36,32.48,32.01,32.31,"1,991,703"
12/05/2014,32.98,33.20,32.86,33.07,"2,247,449"
12/08/2014,32.80,32.83,31.97,32.32,"3,397,927"
12/09/2014,31.52,31.92,31.49,31.82,"2,667,771"
12/10/2014,31.70,31.70,31.02,31.13,"2,924,926"
12/11/2014,31.52,31.90,31.30,31.34,"1,944,344"
12/12/2014,31.42,31.66,30.77,30.78,"2,045,117"
12/15/2014,31.30,31.38,29.96,29.99,"3,649,010"
12/16/2014,29.49,30.61,29.42,30.07,"2,653,601"
12/17/2014,29.95,30.63,29.91,30.41,"1,935,693"
12/18/2014,31.13,31.41,30.95,31.40,"1,943,571"
12/19/2014,30.58,30.91,30.43,30.72,"3,671,682"
12/22/2014,30.81,30.83,30.58,30.82,"1,870,238"
12/23/2014,30.74,31.03,30.70,30.91,"1,467,331"
12/24/2014,30.91,30.99,30.71,30.95,"531,577"
12/26/2014,31.00,31.17,30.92,31.01,"599,752"
12/29/2014,30.54,30.92,30.48,30.79,"1,426,024"
12/30/2014,30.59,30.60,30.35,30.41,"1,562,565"
12/31/2014,30.45,30.56,30.02,30.02,"1,955,779"
01/02/2015,30.59,30.68,30.22,30.47,"2,265,603"
01/05/2015,29.36,29.39,28.77,28.82,"3,291,573"
01/06/2015,28.96,29.11,28.30,28.36,"2,766,337"
01/07/2015,28.61,28.73,28.28,28.66,"2,674,113"
01/08/2015,28.38,29.10,28.37,28.72,"2,085,300"
01/09/2015,28.69,28.71,28.00,28.24,"2,890,416"
01/12/2015,28.43,28.46,27.81,28.23,"1,420,646"
01/13/2015,29.16,29.22,28.41,28.70,"2,482,958"
01/14/2015,28.54,28.74,28.31,28.72,"2,901,556"
01/15/2015,28.96,29.09,28.42,28.52,"2,278,974"
01/16/2015,28.36,28.70,28.24,28.67,"2,917,061"
01/20/2015,29.50,29.50,29.15,29.32,"1,877,450"
01/21/2015,28.97,29.84,28.89,29.82,"3,539,611"
01/22/2015,29.93,30.35,29.76,30.24,"3,167,970"
01/23/2015,29.43,29.64,29.24,29.26,"2,647,572"
01/26/2015,29.63,29.73,29.51,29.65,"2,271,808"
01/27/2015,28.90,29.04,28.72,28.88,"2,320,719"
01/28/2015,28.53,28.58,27.91,27.93,"3,134,769"
01/29/2015,29.35,29.51,29.07,29.43,"3,297,539"
01/30/2015,29.05,29.38,28.92,28.98,"2,198,873"
02/02/2015,29.42,30.22,29.35,30.17,"2,975,296"
02/03/2015,30.87,31.44,30.85,31.38,"3,688,460"
02/04/2015,30.79,31.06,30.59,30.63,"2,454,445"
02/05/2015,31.01,31.15,30.80,31.09,"1,265,168"
02/06/2015,30.52,30.78,30.39,30.45,"1,895,170"
02/09/2015,30.16,30.49,30.13,30.39,"1,111,467"
02/10/2015,30.43,30.50,30.12,30.41,"1,637,369"
02/11/2015,30.41,30.43,30.01,30.17,"1,191,158"
02/12/2015,31.08,31.63,31.03,31.59,"2,257,450"
02/13/2015,32.01,32.43,32.00,32.29,"2,325,172"
02/17/2015,32.54,32.66,32.14,32.60,"1,501,729"
02/18/2015,32.77,32.87,32.57,32.79,"2,672,337"
02/19/2015,32.68,32.87,32.51,32.60,"2,916,989"
02/20/2015,32.53,33.58,32.47,33.44,"3,730,199"
02/23/2015,32.76,33.00,32.65,32.87,"2,181,051"
02/24/2015,32.99,33.33,32.82,33.15,"1,732,344"
02/25/2015,32.76,32.98,32.71,32.86,"1,505,067"
02/26/2015,32.71,32.87,32.57,32.61,"1,364,945"
02/27/2015,32.71,32.96,32.56,32.73,"1,030,292"
03/02/2015,32.88,32.97,32.75,32.92,"1,137,844"
03/03/2015,32.40,32.46,32.15,32.27,"1,238,335"
03/04/2015,32.06,32.21,31.82,32.17,"1,319,301"
03/05/2015,32.12,32.36,32.03,32.21,"904,266"
03/06/2015,32.09,32.34,31.83,31.85,"1,271,557"
03/09/2015,32.07,32.08,31.74,31.97,"1,231,159"
03/10/2015,31.22,31.48,31.12,31.16,"1,687,821"
03/11/2015,31.37,31.75,31.33,31.58,"1,459,796"
03/12/2015,31.67,31.83,31.40,31.70,"1,636,776"
03/13/2015,31.66,31.86,31.43,31.82,"1,311,034"
03/16/2015,32.47,32.82,32.38,32.71,"1,807,784"
03/17/2015,32.39,32.55,32.20,32.46,"1,495,869"
03/18/2015,32.33,33.21,32.30,33.09,"1,727,309"
03/19/2015,33.01,33.17,32.78,32.92,"2,079,468"
03/20/2015,34.06,34.40,33.85,34.15,"2,977,043"
03/23/2015,34.71,34.90,34.53,34.71,"2,536,876"
03/24/2015,35.16,35.49,34.96,35.18,"3,187,217"
03/25/2015,35.33,35.35,34.78,34.81,"2,332,736"
03/26/2015,34.65,34.74,34.22,34.47,"1,631,937"
03/27/2015,34.55,34.63,34.28,34.47,"1,904,143"
03/30/2015,35.07,35.12,34.92,34.97,"1,332,520"
03/31/2015,34.56,34.89,34.46,34.73,"1,222,684"
04/01/2015,35.13,35.36,34.71,35.30,"1,783,890"
04/02/2015,35.52,35.76,35.44,35.70,"1,945,895"
04/06/2015,35.66,36.20,35.59,36.06,"2,673,313"
04/07/2015,36.01,36.21,35.81,35.83,"1,577,378"
04/08/2015,36.01,36.05,35.51,35.60,"1,068,510"
04/09/2015,35.32,35.41,35.02,35.32,"1,199,225"
04/10/2015,35.22,35.29,34.91,35.16,"1,313,363"
04/13/2015,35.19,35.27,34.88,34.98,"1,639,709"
04/14/2015,35.00,35.10,34.85,35.03,"1,131,658"
04/15/2015,35.17,35.33,34.90,35.20,"1,406,526"
04/16/2015,34.41,34.52,33.97,34.25,"2,732,605"
04/17/2015,33.25,33.42,33.02,33.30,"3,695,355"
04/20/2015,33.50,33.67,33.38,33.40,"1,339,813"
04/21/2015,33.52,33.54,33.23,33.34,"1,445,268"
04/22/2015,33.78,34.09,33.47,33.95,"1,913,055"
04/23/2015,33.81,34.26,33.74,34.15,"1,155,470"
04/24/2015,34.29,34.36,33.97,34.26,"901,731"
04/27/2015,32.86,32.92,32.57,32.61,"3,490,207"
04/28/2015,31.63,32.08,31.61,32.04,"3,426,894"
04/29/2015,31.50,31.86,31.22,31.73,"3,320,172"
04/30/2015,31.99,32.34,31.86,32.10,"2,822,917"
05/01/2015,32.23,32.47,32.02,32.29,"893,119"
05/04/2015,32.09,32.24,32.05,32.09,"985,836"
05/05/2015,31.94,32.00,31.50,31.51,"1,780,541"
05/06/2015,32.06,32.45,31.85,32.26,"2,262,937"
05/07/2015,32.13,32.24,31.92,32.05,"1,325,990"
05/08/2015,31.85,32.50,31.82,32.42,"1,264,714"
05/11/2015,32.44,32.64,32.30,32.33,"912,364"
05/12/2015,32.31,32.49,32.20,32.30,"833,274"
05/13/2015,32.82,32.99,32.55,32.67,"1,268,698"
05/14/2015,33.07,33.26,32.97,33.19,"1,098,040"
05/15/2015,32.92,33.36,32.92,33.35,"1,210,743"
05/18/2015,32.91,33.06,32.78,32.91,"1,358,269"
05/19/2015,32.77,33.03,32.70,32.85,"776,670"
05/20/2015,32.93,33.09,32.79,32.98,"569,235"
05/21/2015,32.80,33.07,32.78,33.02,"1,017,085"
05/22/2015,31.97,31.97,31.65,31.66,"1,414,255"
05/26/2015,30.96,30.97,30.50,30.59,"1,706,750"
05/27/2015,30.43,31.05,30.39,30.86,"1,288,592"
05/28/2015,30.60,30.78,30.27,30.74,"1,635,196"
05/29/2015,30.38,30.42,30.03,30.21,"2,221,181"
06/01/2015,29.96,30.00,29.62,29.87,"1,795,962"
06/02/2015,30.73,31.38,30.63,31.07,"3,273,299"
06/03/2015,31.26,31.78,31.23,31.52,"1,658,758"
06/04/2015,31.54,32.03,31.27,31.34,"1,905,440"
06/05/2015,30.50,30.89,30.32,30.63,"1,761,274"
06/08/2015,32.40,32.52,32.03,32.15,"4,658,772"
06/09/2015,31.14,31.49,31.01,31.23,"2,403,700"
06/10/2015,31.84,32.33,31.70,32.17,"1,573,155"
06/11/2015,32.35,32.58,32.01,32.31,"1,367,548"
06/12/2015,31.76,32.12,31.44,32.04,"1,272,441"
06/15/2015,31.03,31.37,30.99,31.34,"1,453,620"
06/16/2015,31.05,31.22,30.89,31.21,"826,256"
06/17/2015,31.36,31.41,30.92,31.18,"1,031,201"
06/18/2015,31.05,31.94,30.78,31.14,"3,453,436"
06/19/2015,30.63,30.66,30.14,30.26,"2,502,720"
06/22/2015,31.39,31.78,31.14,31.44,"3,303,157"
06/23/2015,31.45,31.61,31.40,31.47,"1,144,691"
06/24/2015,31.21,31.44,31.12,31.18,"1,265,143"
06/25/2015,31.63,31.87,31.33,31.67,"2,120,313"
06/26/2015,32.06,32.46,32.01,32.25,"2,845,742"
06/29/2015,30.65,30.86,30.08,30.10,"4,368,869"
06/30/2015,30.67,30.68,29.97,30.16,"2,782,557"
07/01/2015,31.29,31.54,31.01,31.15,"2,833,413"
07/02/2015,31.55,31.56,31.32,31.52,"1,434,161"
07/06/2015,29.90,30.46,29.87,30.17,"2,721,282"
07/07/2015,29.70,30.26,29.18,30.15,"3,412,083"
07/08/2015,29.75,29.92,29.42,29.52,"1,482,187"
07/09/2015,30.33,30.44,30.03,30.16,"2,069,663"
07/10/2015,32.00,32.00,31.67,31.91,"3,112,500"
07/13/2015,32.52,32.64,32.33,32.44,"2,315,369"
07/14/2015,32.60,32.74,32.50,32.65,"1,503,443"
07/15/2015,32.86,32.97,32.60,32.73,"1,602,674"
07/16/2015,33.19,33.36,33.14,33.21,"1,664,074"
07/17/2015,33.02,33.06,32.86,33.05,"1,144,813"
07/20/2015,33.46,33.61,33.34,33.43,"2,768,452"
07/21/2015,33.33,33.50,33.27,33.40,"1,316,926"
07/22/2015,33.41,33.63,33.35,33.43,"3,141,572"
07/23/2015,34.06,34.09,33.75,33.83,"1,626,562"
07/24/2015,33.83,33.94,33.15,33.22,"3,285,100"
07/27/2015,32.80,32.92,32.60,32.71,"1,749,926"
07/28/2015,33.06,33.27,32.80,33.24,"946,125"
07/29/2015,33.14,33.67,33.14,33.50,"1,557,669"
07/30/2015,34.49,34.83,34.18,34.75,"3,413,880"
07/31/2015,35.25,35.38,34.99,35.02,"2,554,002"
08/03/2015,35.30,35.30,34.61,34.88,"1,985,069"
08/04/2015,34.11,34.24,33.91,34.02,"1,492,815"
08/05/2015,34.09,34.18,33.92,34.06,"1,648,192"
08/06/2015,34.05,34.08,33.76,33.94,"968,835"
08/07/2015,33.67,33.80,33.55,33.77,"967,672"
08/10/2015,33.67,34.05,33.65,34.04,"715,499"
08/11/2015,33.66,33.69,33.25,33.52,"1,050,914"
08/12/2015,32.74,32.90,32.32,32.88,"1,752,300"
08/13/2015,32.67,32.86,32.58,32.74,"1,344,010"
08/14/2015,32.10,32.41,32.10,32.41,"1,313,179"
08/17/2015,31.76,32.15,31.65,32.14,"1,799,701"
08/18/2015,31.87,31.91,31.67,31.79,"1,696,791"
08/19/2015,31.49,31.68,31.25,31.48,"1,353,687"
08/20/2015,31.06,31.09,30.41,30.45,"2,387,464"
08/21/2015,30.39,30.60,29.65,29.71,"3,503,570"
08/24/2015,28.57,29.22,27.85,28.41,"7,321,137"
08/25/2015,29.88,30.03,28.93,29.01,"5,012,204"
08/26/2015,29.76,29.82,29.08,29.80,"3,542,734"
08/27/2015,29.81,30.16,29.59,30.06,"3,641,694"
08/28/2015,29.50,29.69,29.32,29.67,"3,192,396"
08/31/2015,29.40,29.68,29.25,29.50,"2,553,470"
09/01/2015,28.76,28.89,28.48,28.66,"2,747,516"
09/02/2015,29.12,29.15,28.58,29.00,"1,948,689"
09/03/2015,29.36,29.78,29.19,29.26,"2,121,625"
09/04/2015,28.31,28.43,28.16,28.31,"2,279,189"
09/08/2015,29.56,29.63,29.25,29.49,"1,881,297"
09/09/2015,29.64,29.68,28.93,28.97,"1,788,041"
09/10/2015,28.97,29.37,28.91,29.24,"1,254,848"
09/11/2015,29.05,29.23,28.99,29.22,"803,657"
09/14/2015,29.03,29.33,28.81,29.14,"1,916,187"
09/15/2015,29.30,29.69,29.24,29.63,"1,677,361"
09/16/2015,29.28,29.49,29.19,29.46,"1,224,857"
09/17/2015,29.81,30.23,29.66,29.80,"3,198,659"
09/18/2015,28.56,28.75,28.38,28.45,"2,964,120"
09/21/2015,28.56,28.71,28.33,28.51,"1,545,309"
09/22/2015,27.77,27.81,27.41,27.61,"2,300,685"
09/23/2015,27.61,27.62,27.19,27.34,"1,421,869"
09/24/2015,27.20,27.49,27.04,27.41,"3,629,871"
09/25/2015,27.55,27.71,27.26,27.41,"2,420,636"
09/28/2015,26.74,26.76,26.18,26.21,"3,658,093"
09/29/2015,26.28,26.58,26.04,26.54,"2,937,039"
09/30/2015,26.98,27.07,26.63,26.96,"2,413,237"
10/01/2015,26.65,26.74,26.21,26.52,"3,254,623"
10/02/2015,26.72,27.15,26.63,27.14,"2,982,657"
10/05/2015,28.04,28.30,27.99,28.20,"2,500,061"
10/06/2015,28.07,28.52,28.06,28.40,"1,431,907"
10/07/2015,28.89,29.13,28.58,28.79,"2,409,113"
10/08/2015,28.46,28.57,28.07,28.39,"4,439,881"
10/09/2015,29.24,29.66,29.15,29.34,"3,753,664"
10/12/2015,29.13,29.26,29.07,29.14,"1,195,066"
10/13/2015,28.49,29.13,28.48,28.78,"1,171,111"
10/14/2015,29.01,29.34,28.76,28.90,"1,985,554"
10/15/2015,29.03,29.33,28.95,29.29,"1,153,763"
10/16/2015,29.57,29.66,29.41,29.58,"1,348,706"
10/19/2015,30.28,30.59,29.61,30.30,"4,088,387"
10/20/2015,30.00,30.27,29.96,30.12,"1,344,637"
10/21/2015,30.12,30.21,29.79,29.80,"1,340,008"
10/22/2015,30.04,30.49,29.98,30.31,"1,537,930"
10/23/2015,30.55,30.82,30.45,30.75,"1,488,405"
10/26/2015,30.04,30.36,30.00,30.35,"1,465,853"
10/27/2015,30.34,30.43,30.14,30.20,"1,517,533"
10/28/2015,29.99,30.73,29.91,30.31,"3,154,142"
10/29/2015,28.15,28.33,27.68,27.89,"4,625,023"
10/30/2015,28.03,28.14,27.88,27.95,"1,900,854"
11/02/2015,28.73,28.82,28.41,28.54,"1,594,492"
11/03/2015,28.17,28.43,28.14,28.37,"1,185,266"
11/04/2015,27.93,28.00,27.61,27.74,"1,515,145"
11/05/2015,27.70,27.80,27.35,27.52,"987,732"
11/06/2015,27.62,27.75,27.37,27.69,"1,338,938"
11/09/2015,27.62,27.67,27.14,27.25,"1,412,849"
11/10/2015,26.77,26.83,26.56,26.76,"1,590,781"
11/11/2015,26.75,26.75,26.36,26.53,"1,472,588"
11/12/2015,26.10,26.26,26.00,26.01,"1,467,640"
11/13/2015,25.64,25.70,25.36,25.51,"1,496,312"
11/16/2015,25.35,25.62,25.26,25.60,"1,147,060"
11/17/2015,25.51,25.66,25.39,25.42,"1,311,433"
11/18/2015,25.90,26.18,25.85,26.14,"1,484,698"
11/19/2015,26.49,26.61,26.38,26.45,"1,276,203"
11/20/2015,26.35,26.36,25.85,25.88,"988,486"
11/23/2015,25.71,25.77,25.39,25.45,"1,567,433"
11/24/2015,25.18,25.36,25.10,25.32,"1,322,691"
11/25/2015,25.37,25.55,25.30,25.38,"812,239"
11/27/2015,25.38,25.46,25.31,25.37,"414,382"
11/30/2015,25.83,25.86,25.65,25.69,"1,520,236"
12/01/2015,26.05,26.18,25.93,26.18,"1,917,560"
12/02/2015,25.73,25.83,25.33,25.41,"1,396,932"
12/03/2015,25.85,25.86,25.32,25.35,"2,351,098"
12/04/2015,25.27,25.55,25.20,25.49,"1,316,556"
12/07/2015,25.26,25.29,24.99,25.23,"1,850,026"
12/08/2015,24.55,24.63,24.34,24.42,"2,083,934"
12/09/2015,24.37,24.79,24.25,24.44,"1,555,855"
12/10/2015,24.37,24.46,24.22,24.29,"1,611,749"
12/11/2015,23.58,23.61,23.13,23.18,"2,610,640"
12/14/2015,23.48,23.56,22.83,23.13,"1,933,887"
12/15/2015,23.50,23.60,23.34,23.37,"1,901,308"
12/16/2015,23.54,23.93,23.38,23.85,"2,286,809"
12/17/2015,23.91,23.95,23.52,23.62,"1,763,671"
12/18/2015,23.56,23.64,23.31,23.33,"1,595,838"
12/21/2015,23.74,23.86,23.50,23.65,"1,294,797"
12/22/2015,23.60,23.83,23.47,23.80,"1,329,317"
12/23/2015,24.31,24.48,24.24,24.46,"1,512,288"
12/24/2015,24.30,24.57,24.30,24.50,"440,736"
12/28/2015,24.51,24.54,24.36,24.46,"1,176,991"
12/29/2015,24.80,24.92,24.66,24.87,"1,469,452"
12/30/2015,24.72,24.72,24.46,24.47,"1,033,586"
12/31/2015,24.34,24.40,24.14,24.15,"1,103,740"
01/04/2016,23.17,23.49,23.02,23.49,"2,753,943"
01/05/2016,23.61,23.62,23.24,23.48,"1,264,719"
01/06/2016,23.12,23.28,23.03,23.14,"1,393,241"
01/07/2016,22.75,23.10,22.67,22.72,"2,469,382"
01/08/2016,22.82,22.86,22.08,22.10,"2,341,527"
01/11/2016,22.75,22.77,22.40,22.68,"2,476,096"
01/12/2016,23.03,23.13,22.64,22.93,"1,777,292"
01/13/2016,23.10,23.15,22.15,22.17,"2,827,860"
01/14/2016,21.83,22.17,21.49,22.01,"3,468,953"
01/15/2016,20.96,21.18,20.73,20.96,"3,595,102"
01/19/2016,20.68,20.73,20.23,20.42,"3,303,903"
01/20/2016,19.74,19.83,19.09,19.33,"7,183,625"
01/21/2016,18.18,18.79,18.05,18.58,"8,222,902"
01/22/2016,19.15,19.29,18.94,19.06,"2,542,629"
01/25/2016,18.14,18.22,17.84,17.87,"3,192,533"
01/26/2016,18.34,18.66,18.26,18.66,"2,129,968"
01/27/2016,18.46,18.74,18.31,18.42,"2,559,102"
01/28/2016,17.95,18.04,17.61,17.76,"2,854,469"
01/29/2016,17.76,17.91,17.62,17.89,"2,087,293"
02/01/2016,17.86,17.90,17.68,17.84,"2,086,045"
02/02/2016,17.23,17.25,16.90,16.94,"3,800,601"
02/03/2016,16.73,16.73,16.12,16.65,"8,412,488"
02/04/2016,16.66,17.15,16.63,16.96,"4,107,603"
02/05/2016,17.14,17.20,16.84,16.89,"3,894,295"
02/08/2016,16.10,16.10,15.08,15.54,"8,133,702"
02/09/2016,14.83,15.68,14.78,15.38,"10,439,046"
02/10/2016,16.18,16.78,15.98,16.21,"8,467,113"
02/11/2016,15.53,15.93,15.19,15.51,"9,292,514"
02/12/2016,16.98,17.43,16.49,17.38,"8,623,298"
02/16/2016,16.94,17.29,16.74,17.16,"5,161,519"
02/17/2016,17.51,18.10,17.51,17.93,"4,157,541"
02/18/2016,17.64,17.65,17.07,17.09,"3,338,822"
02/19/2016,16.86,16.99,16.63,16.90,"3,525,269"
02/22/2016,17.11,17.43,17.09,17.39,"1,931,905"
02/23/2016,17.24,17.25,16.68,16.68,"2,838,378"
02/24/2016,16.31,16.48,16.07,16.44,"4,344,482"
02/25/2016,16.52,16.82,16.39,16.77,"2,556,187"
02/26/2016,17.31,17.52,17.17,17.32,"3,141,417"
02/29/2016,17.36,17.43,17.17,17.19,"3,231,676"
03/01/2016,17.46,17.97,17.31,17.91,"3,161,936"
03/02/2016,18.25,18.72,18.19,18.72,"3,397,715"
03/03/2016,19.44,19.54,19.22,19.51,"4,193,432"
03/04/2016,19.58,19.90,19.48,19.65,"3,810,308"
03/07/2016,19.08,19.56,19.06,19.47,"3,019,545"
03/08/2016,19.46,19.46,18.99,19.00,"3,794,955"
03/09/2016,19.16,19.20,18.75,18.98,"2,369,432"
03/10/2016,19.65,19.98,18.92,19.27,"10,215,321"
03/11/2016,20.23,20.64,20.12,20.62,"5,482,601"
03/14/2016,20.62,20.70,20.43,20.59,"2,893,415"
03/15/2016,20.07,20.16,19.90,20.15,"2,347,772"
03/16/2016,18.91,19.34,18.82,19.31,"5,348,004"
03/17/2016,18.96,19.24,18.81,19.12,"3,618,618"
03/18/2016,19.47,19.59,19.09,19.27,"2,716,452"
03/21/2016,19.19,19.35,19.00,19.07,"2,314,967"
03/22/2016,18.53,18.81,18.46,18.71,"2,991,961"
03/23/2016,17.44,17.62,17.33,17.54,"4,046,561"
03/24/2016,17.44,17.62,17.33,17.54,"4,046,561"
03/28/2016,17.65,17.71,17.43,17.61,"1,647,891"
03/29/2016,17.10,17.49,16.99,17.45,"2,583,632"
03/30/2016,17.22,17.42,17.10,17.12,"4,405,789"
03/31/2016,16.98,17.21,16.92,16.94,"3,578,883"
04/01/2016,16.91,17.11,16.90,17.07,"3,216,824"
04/02/2016,16.91,17.11,16.90,17.07,"3,216,824"
04/04/2016,16.81,16.98,16.69,16.74,"3,588,824"
04/05/2016,16.08,16.15,15.91,15.93,"4,439,557"
04/06/2016,15.94,16.20,15.90,16.16,"3,026,392"
04/07/2016,15.78,15.83,15.31,15.41,"5,395,748"
04/08/2016,16.00,16.09,15.81,15.87,"3,583,284"
04/09/2016,16.00,16.09,15.81,15.87,"3,583,284"
04/11/2016,16.15,16.25,15.91,15.92,"3,514,996"
04/12/2016,15.78,16.08,15.48,16.00,"5,476,806"
04/13/2016,16.99,17.38,16.99,17.36,"6,806,718"
04/14/2016,17.41,17.43,17.17,17.28,"3,957,767"
04/15/2016,17.32,17.38,17.23,17.30,"2,220,769"
04/16/2016,17.32,17.38,17.23,17.30,"2,220,769"
04/18/2016,17.45,17.78,17.40,17.69,"2,847,224"
04/19/2016,17.86,17.95,17.65,17.84,"3,407,893"
04/20/2016,18.48,18.74,18.40,18.72,"4,730,145"
04/21/2016,19.15,19.16,18.62,18.67,"4,380,229"
04/22/2016,18.69,18.96,18.67,18.89,"2,742,052"
04/23/2016,18.69,18.96,18.67,18.89,"2,742,052"
04/25/2016,18.32,18.36,17.97,18.14,"3,293,353"
04/26/2016,18.73,18.73,18.45,18.64,"2,173,512"
04/27/2016,18.78,19.06,18.76,19.02,"3,529,128"
04/28/2016,19.37,19.70,19.32,19.46,"3,935,950"
04/29/2016,19.15,19.26,18.79,18.96,"3,539,335"
05/02/2016,18.39,18.53,18.20,18.48,"3,334,619"
05/04/2016,17.35,17.57,17.11,17.17,"2,717,360"